Admin1-Santos-Karen-karensantos@gmail.com-Ottawa-ON-Canada-19860101-F-Student
mypass-Micheals-Lisa-lisamicheals@hotmail.com-Ottawa-ON-Canada-19900930-F-Teacher
myLove-Jackson-John-johnjackson@gmail.com-Toronto-ON-Canada-19750405-M-Computer Engineer
112233-Paprocki-Lenna-lennadarling@hotmail.com-Chicago-IL-USA-19940306-F-Actress
1234-Murphy-Mary-mary.murphy@yahoo.com-Toronto-ON-Canada-19621120-F-Retired
665544-Rideal-Edward-eddyrideal@gmail.com-Ottawa-ON-Canada-19500512-M-Retired
hereWeGo-Steves-Kyle-kyle123@gmail.com-Toronto-ON-Canada-19840725-M-Accountant
3333-Butt-James-jamesbutt@gmail.com-New Orleans-LA-USA-19771207-M-Lawyer
guessit-Raymond-Laura-raymondray@gmail.com-Vancouver-BC-Canada-19991009-F-Student
guessme-Wayne-Bruce-iambatman@gmail.com-Langley-BC-Canada-19630204-M-CEO
anotherone-Smith-Amanda-smithamanda@yahoo.com-Toronto-ON-Canada-19750505-F-Politician
mypass-Coudy-Alisia-coudyalisia@gmail.com-New York-NY-USA-20000926-F-Student
7474747-Loesa-Tom-tomandtom@gmail.com-Red Deer-AB-Canada-19850527-M-Manager
kkkkkk-Bila-Valentin-valentinbila@gmail.com-Pierrefonds-QC-Canada-19730909-M-Mechanical Engineer
passpass-Fucin-Lyla-lylafucin12@gmail.com-Pangman-SK-Canada-19910103-F-Chef
one-Figeroa-Bernardo-bernardo.f@gmail.com-Phoenix-AZ-USA-19880316-M-Musician
roazk-Rocha-Andre-rocha.andre@gmail.com-Hamilton-ON-Canada-19870420-M-Technician
penpencil-Sams-Tammy-tammyandcia@hotmail.com-Winnipeg-MB-Canada-19740518-F-Secretary
mypass-Zarlin-Louis-zarlin.167@gmail.com-Miramichi-NB-Canada-19990807-F-Dentist
cuty-Santos Rocha-Logan-myfirstemail@gmail.com-Ottawa-ON-Canada-20010303-M-Student
senha-Almeida-Carm-carmalmeida@gmail.com-Recife-PE-Brazil-19670404-F-Artist